{"cameraMode":{"drawMode":0,"name":"Shaded","section":"Shading Mode"},"sceneLighting":false,"audioPlay":false,"sceneViewState":{"m_AlwaysRefresh":false,"showFog":true,"showSkybox":false,"showFlares":true,"showImageEffects":true,"showParticleSystems":true,"showVisualEffectGraphs":true,"m_FxEnabled":true},"in2DMode":false,"pivot":{"x":224.65000915527345,"y":135.08946228027345,"z":-5.755091667175293},"rotation":{"x":-0.04046883061528206,"y":0.031469136476516727,"z":0.0012752156471833587,"w":0.9986847043037415},"size":262.43585205078127,"orthographic":true}