{"cameraMode":{"drawMode":0,"name":"Shaded","section":"Shading Mode"},"sceneLighting":true,"audioPlay":false,"sceneViewState":{"m_AlwaysRefresh":false,"showFog":true,"showSkybox":true,"showFlares":true,"showImageEffects":true,"showParticleSystems":true,"showVisualEffectGraphs":true,"m_FxEnabled":true},"in2DMode":false,"pivot":{"x":1.9638320207595826,"y":6.508865833282471,"z":5.735752582550049},"rotation":{"x":0.010193890891969204,"y":0.9879905581474304,"z":-0.13509869575500489,"w":0.07454930245876312},"size":1.4277451038360596,"orthographic":true}